Parameters;fold1;fold2;fold3;fold4;fold5
[32]_0.001_0.3_20_['tanh'];{'0': {'precision': 0.30434782608695654, 'recall': 0.17834394904458598, 'f1-score': 0.2248995983935743, 'support': 628}, '1': {'precision': 0.7681940700808625, 'recall': 0.8697863682604272, 'f1-score': 0.8158396946564885, 'support': 1966}, 'accuracy': 0.7023901310717039, 'macro avg': {'precision': 0.5362709480839095, 'recall': 0.5240651586525066, 'f1-score': 0.5203696465250314, 'support': 2594}, 'weighted avg': {'precision': 0.6558982176413202, 'recall': 0.7023901310717039, 'f1-score': 0.672774783147965, 'support': 2594}};{'0': {'precision': 0.3313253012048193, 'recall': 0.17488076311605724, 'f1-score': 0.22892819979188345, 'support': 629}, '1': {'precision': 0.7721685689201053, 'recall': 0.8879353861686017, 'f1-score': 0.8260154965954448, 'support': 1981}, 'accuracy': 0.7160919540229885, 'macro avg': {'precision': 0.5517469350624623, 'recall': 0.5314080746423294, 'f1-score': 0.5274718481936641, 'support': 2610}, 'weighted avg': {'precision': 0.6659270304553869, 'recall': 0.7160919540229885, 'f1-score': 0.6821197457565789, 'support': 2610}};{'0': {'precision': 0.34099616858237547, 'recall': 0.2838915470494418, 'f1-score': 0.30983463881636203, 'support': 627}, '1': {'precision': 0.7844455112818051, 'recall': 0.8260869565217391, 'f1-score': 0.804727899532135, 'support': 1978}, 'accuracy': 0.6955854126679463, 'macro avg': {'precision': 0.5627208399320902, 'recall': 0.5549892517855904, 'f1-score': 0.5572812691742485, 'support': 2605}, 'weighted avg': {'precision': 0.6777112549007908, 'recall': 0.6955854126679463, 'f1-score': 0.6856115561659969, 'support': 2605}};{'0': {'precision': 0.30851063829787234, 'recall': 0.13964686998394862, 'f1-score': 0.19226519337016573, 'support': 623}, '1': {'precision': 0.7688658904700302, 'recall': 0.9014155712841254, 'f1-score': 0.8298813125436352, 'support': 1978}, 'accuracy': 0.7189542483660131, 'macro avg': {'precision': 0.5386882643839512, 'recall': 0.520531220634037, 'f1-score': 0.5110732529569004, 'support': 2601}, 'weighted avg': {'precision': 0.658600099580659, 'recall': 0.7189542483660131, 'f1-score': 0.6771574208692517, 'support': 2601}};{'0': {'precision': 0.3232758620689655, 'recall': 0.11961722488038277, 'f1-score': 0.17462165308498254, 'support': 627}, '1': {'precision': 0.7670886075949367, 'recall': 0.920506329113924, 'f1-score': 0.8368239355581127, 'support': 1975}, 'accuracy': 0.7275172943889316, 'macro avg': {'precision': 0.545182234831951, 'recall': 0.5200617769971534, 'f1-score': 0.5057227943215477, 'support': 2602}, 'weighted avg': {'precision': 0.6601437223356039, 'recall': 0.7275172943889316, 'f1-score': 0.6772540542703908, 'support': 2602}}
[32]_0.001_0.3_20_['sigmoid'];{'0': {'precision': 0.0, 'recall': 0.0, 'f1-score': 0.0, 'support': 628}, '1': {'precision': 0.7579028527370856, 'recall': 1.0, 'f1-score': 0.862280701754386, 'support': 1966}, 'accuracy': 0.7579028527370856, 'macro avg': {'precision': 0.3789514263685428, 'recall': 0.5, 'f1-score': 0.431140350877193, 'support': 2594}, 'weighted avg': {'precision': 0.5744167341870124, 'recall': 0.7579028527370856, 'f1-score': 0.6535250037197853, 'support': 2594}};{'0': {'precision': 0.0, 'recall': 0.0, 'f1-score': 0.0, 'support': 629}, '1': {'precision': 0.7590038314176245, 'recall': 1.0, 'f1-score': 0.8629928120235243, 'support': 1981}, 'accuracy': 0.7590038314176245, 'macro avg': {'precision': 0.37950191570881225, 'recall': 0.5, 'f1-score': 0.43149640601176215, 'support': 2610}, 'weighted avg': {'precision': 0.5760868161066338, 'recall': 0.7590038314176245, 'f1-score': 0.6550148508117247, 'support': 2610}};{'0': {'precision': 0.0, 'recall': 0.0, 'f1-score': 0.0, 'support': 627}, '1': {'precision': 0.7593090211132437, 'recall': 1.0, 'f1-score': 0.863190050185468, 'support': 1978}, 'accuracy': 0.7593090211132437, 'macro avg': {'precision': 0.37965451055662186, 'recall': 0.5, 'f1-score': 0.431595025092734, 'support': 2605}, 'weighted avg': {'precision': 0.5765501895439524, 'recall': 0.7593090211132437, 'f1-score': 0.6554279920410194, 'support': 2605}};{'0': {'precision': 0.0, 'recall': 0.0, 'f1-score': 0.0, 'support': 623}, '1': {'precision': 0.760476739715494, 'recall': 1.0, 'f1-score': 0.8639440925966368, 'support': 1978}, 'accuracy': 0.760476739715494, 'macro avg': {'precision': 0.380238369857747, 'recall': 0.5, 'f1-score': 0.4319720462983184, 'support': 2601}, 'weighted avg': {'precision': 0.5783248716483073, 'recall': 0.760476739715494, 'f1-score': 0.6570093868343513, 'support': 2601}};{'0': {'precision': 0.0, 'recall': 0.0, 'f1-score': 0.0, 'support': 627}, '1': {'precision': 0.759031514219831, 'recall': 1.0, 'f1-score': 0.8630107057024252, 'support': 1975}, 'accuracy': 0.759031514219831, 'macro avg': {'precision': 0.3795157571099155, 'recall': 0.5, 'f1-score': 0.4315053528512126, 'support': 2602}, 'weighted avg': {'precision': 0.5761288395788494, 'recall': 0.759031514219831, 'f1-score': 0.6550523227372366, 'support': 2602}}
[32]_0.001_0.3_50_['tanh'];{'0': {'precision': 0.2534754402224282, 'recall': 0.8710191082802548, 'f1-score': 0.39267767408470927, 'support': 628}, '1': {'precision': 0.8142201834862385, 'recall': 0.18056968463886064, 'f1-score': 0.2955870108243131, 'support': 1966}, 'accuracy': 0.34772552043176563, 'macro avg': {'precision': 0.5338478118543333, 'recall': 0.5257943964595577, 'f1-score': 0.3441323424545112, 'support': 2594}, 'weighted avg': {'precision': 0.6784654807993947, 'recall': 0.34772552043176563, 'f1-score': 0.31909238342551927, 'support': 2594}};{'0': {'precision': 0.30716723549488056, 'recall': 0.2861685214626391, 'f1-score': 0.2962962962962963, 'support': 629}, '1': {'precision': 0.7781620553359684, 'recall': 0.7950530035335689, 'f1-score': 0.7865168539325843, 'support': 1981}, 'accuracy': 0.6724137931034483, 'macro avg': {'precision': 0.5426646454154245, 'recall': 0.540610762498104, 'f1-score': 0.5414065751144403, 'support': 2610}, 'weighted avg': {'precision': 0.66465410833212, 'recall': 0.6724137931034483, 'f1-score': 0.6683755777819234, 'support': 2610}};{'0': {'precision': 0.3284457478005865, 'recall': 0.17862838915470494, 'f1-score': 0.23140495867768593, 'support': 627}, '1': {'precision': 0.7725265017667845, 'recall': 0.8842264914054601, 'f1-score': 0.8246110325318247, 'support': 1978}, 'accuracy': 0.7143953934740883, 'macro avg': {'precision': 0.5504861247836855, 'recall': 0.5314274402800825, 'f1-score': 0.5280079956047553, 'support': 2605}, 'weighted avg': {'precision': 0.6656402703898916, 'recall': 0.7143953934740883, 'f1-score': 0.6818316819343025, 'support': 2605}};{'0': {'precision': 0.3297644539614561, 'recall': 0.24719101123595505, 'f1-score': 0.2825688073394495, 'support': 623}, '1': {'precision': 0.7802249297094658, 'recall': 0.8417593528816987, 'f1-score': 0.8098249027237353, 'support': 1978}, 'accuracy': 0.6993464052287581, 'macro avg': {'precision': 0.5549946918354609, 'recall': 0.5444751820588268, 'f1-score': 0.5461968550315924, 'support': 2601}, 'weighted avg': {'precision': 0.6723291679289928, 'recall': 0.6993464052287581, 'f1-score': 0.6835348037524128, 'support': 2601}};{'0': {'precision': 0.3046092184368738, 'recall': 0.24242424242424243, 'f1-score': 0.2699822380106572, 'support': 627}, '1': {'precision': 0.7741321921065145, 'recall': 0.8243037974683545, 'f1-score': 0.7984306032368809, 'support': 1975}, 'accuracy': 0.6840891621829363, 'macro avg': {'precision': 0.5393707052716942, 'recall': 0.5333640199462985, 'f1-score': 0.534206420623769, 'support': 2602}, 'weighted avg': {'precision': 0.660991952102339, 'recall': 0.6840891621829363, 'f1-score': 0.6710912008553119, 'support': 2602}}
[32]_0.001_0.3_50_['sigmoid'];{'0': {'precision': 0.0, 'recall': 0.0, 'f1-score': 0.0, 'support': 628}, '1': {'precision': 0.7579028527370856, 'recall': 1.0, 'f1-score': 0.862280701754386, 'support': 1966}, 'accuracy': 0.7579028527370856, 'macro avg': {'precision': 0.3789514263685428, 'recall': 0.5, 'f1-score': 0.431140350877193, 'support': 2594}, 'weighted avg': {'precision': 0.5744167341870124, 'recall': 0.7579028527370856, 'f1-score': 0.6535250037197853, 'support': 2594}};{'0': {'precision': 0.0, 'recall': 0.0, 'f1-score': 0.0, 'support': 629}, '1': {'precision': 0.7590038314176245, 'recall': 1.0, 'f1-score': 0.8629928120235243, 'support': 1981}, 'accuracy': 0.7590038314176245, 'macro avg': {'precision': 0.37950191570881225, 'recall': 0.5, 'f1-score': 0.43149640601176215, 'support': 2610}, 'weighted avg': {'precision': 0.5760868161066338, 'recall': 0.7590038314176245, 'f1-score': 0.6550148508117247, 'support': 2610}};{'0': {'precision': 0.0, 'recall': 0.0, 'f1-score': 0.0, 'support': 627}, '1': {'precision': 0.7593090211132437, 'recall': 1.0, 'f1-score': 0.863190050185468, 'support': 1978}, 'accuracy': 0.7593090211132437, 'macro avg': {'precision': 0.37965451055662186, 'recall': 0.5, 'f1-score': 0.431595025092734, 'support': 2605}, 'weighted avg': {'precision': 0.5765501895439524, 'recall': 0.7593090211132437, 'f1-score': 0.6554279920410194, 'support': 2605}};{'0': {'precision': 0.0, 'recall': 0.0, 'f1-score': 0.0, 'support': 623}, '1': {'precision': 0.760476739715494, 'recall': 1.0, 'f1-score': 0.8639440925966368, 'support': 1978}, 'accuracy': 0.760476739715494, 'macro avg': {'precision': 0.380238369857747, 'recall': 0.5, 'f1-score': 0.4319720462983184, 'support': 2601}, 'weighted avg': {'precision': 0.5783248716483073, 'recall': 0.760476739715494, 'f1-score': 0.6570093868343513, 'support': 2601}};{'0': {'precision': 0.0, 'recall': 0.0, 'f1-score': 0.0, 'support': 627}, '1': {'precision': 0.759031514219831, 'recall': 1.0, 'f1-score': 0.8630107057024252, 'support': 1975}, 'accuracy': 0.759031514219831, 'macro avg': {'precision': 0.3795157571099155, 'recall': 0.5, 'f1-score': 0.4315053528512126, 'support': 2602}, 'weighted avg': {'precision': 0.5761288395788494, 'recall': 0.759031514219831, 'f1-score': 0.6550523227372366, 'support': 2602}}
[32]_0.001_0.4_20_['tanh'];{'0': {'precision': 0.25979899497487435, 'recall': 0.8232484076433121, 'f1-score': 0.3949579831932773, 'support': 628}, '1': {'precision': 0.8162251655629139, 'recall': 0.25076297049847407, 'f1-score': 0.3836575875486381, 'support': 1966}, 'accuracy': 0.38936006168080184, 'macro avg': {'precision': 0.5380120802688941, 'recall': 0.5370056890708931, 'f1-score': 0.38930778537095767, 'support': 2594}, 'weighted avg': {'precision': 0.6815159770011218, 'recall': 0.38936006168080184, 'f1-score': 0.3863933810971475, 'support': 2594}};{'0': {'precision': 0.2942097026604069, 'recall': 0.2988871224165342, 'f1-score': 0.2965299684542588, 'support': 629}, '1': {'precision': 0.776255707762557, 'recall': 0.7723372034326098, 'f1-score': 0.7742914979757085, 'support': 1981}, 'accuracy': 0.6582375478927203, 'macro avg': {'precision': 0.535232705211482, 'recall': 0.535612162924572, 'f1-score': 0.5354107332149837, 'support': 2610}, 'weighted avg': {'precision': 0.6600844674524986, 'recall': 0.6582375478927203, 'f1-score': 0.6591527998649837, 'support': 2610}};{'0': {'precision': 0.33916083916083917, 'recall': 0.1547049441786284, 'f1-score': 0.21248630887185105, 'support': 627}, '1': {'precision': 0.7714532125916344, 'recall': 0.9044489383215369, 'f1-score': 0.8326739585757507, 'support': 1978}, 'accuracy': 0.7239923224568138, 'macro avg': {'precision': 0.5553070258762367, 'recall': 0.5295769412500827, 'f1-score': 0.5225801337238009, 'support': 2605}, 'weighted avg': {'precision': 0.6674043380652971, 'recall': 0.7239923224568138, 'f1-score': 0.6834003860750424, 'support': 2605}};{'0': {'precision': 0.24855491329479767, 'recall': 0.8972712680577849, 'f1-score': 0.38927576601671304, 'support': 623}, '1': {'precision': 0.8181818181818182, 'recall': 0.14560161779575329, 'f1-score': 0.24721030042918454, 'support': 1978}, 'accuracy': 0.32564398308342946, 'macro avg': {'precision': 0.5333683657383079, 'recall': 0.521436442926769, 'f1-score': 0.3182430332229488, 'support': 2601}, 'weighted avg': {'precision': 0.6817429247775069, 'recall': 0.32564398308342946, 'f1-score': 0.2812382839205457, 'support': 2601}};{'0': {'precision': 0.30963302752293576, 'recall': 0.215311004784689, 'f1-score': 0.2539981185324553, 'support': 627}, '1': {'precision': 0.7728531855955678, 'recall': 0.8475949367088608, 'f1-score': 0.8085003622313451, 'support': 1975}, 'accuracy': 0.6952344350499615, 'macro avg': {'precision': 0.5412431065592518, 'recall': 0.5314529707467749, 'f1-score': 0.5312492403819002, 'support': 2602}, 'weighted avg': {'precision': 0.6612317255219551, 'recall': 0.6952344350499615, 'f1-score': 0.6748827962055174, 'support': 2602}}
[32]_0.001_0.4_20_['sigmoid'];{'0': {'precision': 0.0, 'recall': 0.0, 'f1-score': 0.0, 'support': 628}, '1': {'precision': 0.7579028527370856, 'recall': 1.0, 'f1-score': 0.862280701754386, 'support': 1966}, 'accuracy': 0.7579028527370856, 'macro avg': {'precision': 0.3789514263685428, 'recall': 0.5, 'f1-score': 0.431140350877193, 'support': 2594}, 'weighted avg': {'precision': 0.5744167341870124, 'recall': 0.7579028527370856, 'f1-score': 0.6535250037197853, 'support': 2594}};{'0': {'precision': 0.0, 'recall': 0.0, 'f1-score': 0.0, 'support': 629}, '1': {'precision': 0.7590038314176245, 'recall': 1.0, 'f1-score': 0.8629928120235243, 'support': 1981}, 'accuracy': 0.7590038314176245, 'macro avg': {'precision': 0.37950191570881225, 'recall': 0.5, 'f1-score': 0.43149640601176215, 'support': 2610}, 'weighted avg': {'precision': 0.5760868161066338, 'recall': 0.7590038314176245, 'f1-score': 0.6550148508117247, 'support': 2610}};{'0': {'precision': 0.0, 'recall': 0.0, 'f1-score': 0.0, 'support': 627}, '1': {'precision': 0.7593090211132437, 'recall': 1.0, 'f1-score': 0.863190050185468, 'support': 1978}, 'accuracy': 0.7593090211132437, 'macro avg': {'precision': 0.37965451055662186, 'recall': 0.5, 'f1-score': 0.431595025092734, 'support': 2605}, 'weighted avg': {'precision': 0.5765501895439524, 'recall': 0.7593090211132437, 'f1-score': 0.6554279920410194, 'support': 2605}};{'0': {'precision': 0.0, 'recall': 0.0, 'f1-score': 0.0, 'support': 623}, '1': {'precision': 0.760476739715494, 'recall': 1.0, 'f1-score': 0.8639440925966368, 'support': 1978}, 'accuracy': 0.760476739715494, 'macro avg': {'precision': 0.380238369857747, 'recall': 0.5, 'f1-score': 0.4319720462983184, 'support': 2601}, 'weighted avg': {'precision': 0.5783248716483073, 'recall': 0.760476739715494, 'f1-score': 0.6570093868343513, 'support': 2601}};{'0': {'precision': 0.0, 'recall': 0.0, 'f1-score': 0.0, 'support': 627}, '1': {'precision': 0.759031514219831, 'recall': 1.0, 'f1-score': 0.8630107057024252, 'support': 1975}, 'accuracy': 0.759031514219831, 'macro avg': {'precision': 0.3795157571099155, 'recall': 0.5, 'f1-score': 0.4315053528512126, 'support': 2602}, 'weighted avg': {'precision': 0.5761288395788494, 'recall': 0.759031514219831, 'f1-score': 0.6550523227372366, 'support': 2602}}
[32]_0.001_0.4_50_['tanh'];{'0': {'precision': 0.3076923076923077, 'recall': 0.3503184713375796, 'f1-score': 0.3276247207743857, 'support': 628}, '1': {'precision': 0.7828632251197446, 'recall': 0.7482197355035606, 'f1-score': 0.765149544863459, 'support': 1966}, 'accuracy': 0.6518889745566693, 'macro avg': {'precision': 0.5452777664060262, 'recall': 0.5492691034205701, 'f1-score': 0.5463871328189224, 'support': 2594}, 'weighted avg': {'precision': 0.6678257015482604, 'recall': 0.6518889745566693, 'f1-score': 0.6592260330947859, 'support': 2594}};{'0': {'precision': 0.3098159509202454, 'recall': 0.16057233704292528, 'f1-score': 0.21151832460732983, 'support': 629}, '1': {'precision': 0.7688266199649737, 'recall': 0.8864209994952045, 'f1-score': 0.8234466588511138, 'support': 1981}, 'accuracy': 0.7114942528735633, 'macro avg': {'precision': 0.5393212854426095, 'recall': 0.5234966682690649, 'f1-score': 0.5174824917292218, 'support': 2610}, 'weighted avg': {'precision': 0.6582068073867613, 'recall': 0.7114942528735633, 'f1-score': 0.6759742748513666, 'support': 2610}};{'0': {'precision': 0.3394308943089431, 'recall': 0.266347687400319, 'f1-score': 0.29848078641644327, 'support': 627}, '1': {'precision': 0.7823000473260767, 'recall': 0.8356926188068756, 'f1-score': 0.8081153752138841, 'support': 1978}, 'accuracy': 0.6986564299424184, 'macro avg': {'precision': 0.5608654708175099, 'recall': 0.5510201531035973, 'f1-score': 0.5532980808151637, 'support': 2605}, 'weighted avg': {'precision': 0.6757054373676342, 'recall': 0.6986564299424184, 'f1-score': 0.6854509271616785, 'support': 2605}};{'0': {'precision': 0.27252419955323903, 'recall': 0.5874799357945425, 'f1-score': 0.3723296032553408, 'support': 623}, '1': {'precision': 0.7957074721780604, 'recall': 0.506066734074823, 'f1-score': 0.6186650185414091, 'support': 1978}, 'accuracy': 0.5255670895809305, 'macro avg': {'precision': 0.5341158358656497, 'recall': 0.5467733349346828, 'f1-score': 0.49549731089837495, 'support': 2601}, 'weighted avg': {'precision': 0.6703929089926456, 'recall': 0.5255670895809305, 'f1-score': 0.5596619567485522, 'support': 2601}};{'0': {'precision': 0.30963302752293576, 'recall': 0.215311004784689, 'f1-score': 0.2539981185324553, 'support': 627}, '1': {'precision': 0.7728531855955678, 'recall': 0.8475949367088608, 'f1-score': 0.8085003622313451, 'support': 1975}, 'accuracy': 0.6952344350499615, 'macro avg': {'precision': 0.5412431065592518, 'recall': 0.5314529707467749, 'f1-score': 0.5312492403819002, 'support': 2602}, 'weighted avg': {'precision': 0.6612317255219551, 'recall': 0.6952344350499615, 'f1-score': 0.6748827962055174, 'support': 2602}}
[32]_0.001_0.4_50_['sigmoid'];{'0': {'precision': 0.0, 'recall': 0.0, 'f1-score': 0.0, 'support': 628}, '1': {'precision': 0.7579028527370856, 'recall': 1.0, 'f1-score': 0.862280701754386, 'support': 1966}, 'accuracy': 0.7579028527370856, 'macro avg': {'precision': 0.3789514263685428, 'recall': 0.5, 'f1-score': 0.431140350877193, 'support': 2594}, 'weighted avg': {'precision': 0.5744167341870124, 'recall': 0.7579028527370856, 'f1-score': 0.6535250037197853, 'support': 2594}};{'0': {'precision': 0.0, 'recall': 0.0, 'f1-score': 0.0, 'support': 629}, '1': {'precision': 0.7590038314176245, 'recall': 1.0, 'f1-score': 0.8629928120235243, 'support': 1981}, 'accuracy': 0.7590038314176245, 'macro avg': {'precision': 0.37950191570881225, 'recall': 0.5, 'f1-score': 0.43149640601176215, 'support': 2610}, 'weighted avg': {'precision': 0.5760868161066338, 'recall': 0.7590038314176245, 'f1-score': 0.6550148508117247, 'support': 2610}};{'0': {'precision': 0.0, 'recall': 0.0, 'f1-score': 0.0, 'support': 627}, '1': {'precision': 0.7593090211132437, 'recall': 1.0, 'f1-score': 0.863190050185468, 'support': 1978}, 'accuracy': 0.7593090211132437, 'macro avg': {'precision': 0.37965451055662186, 'recall': 0.5, 'f1-score': 0.431595025092734, 'support': 2605}, 'weighted avg': {'precision': 0.5765501895439524, 'recall': 0.7593090211132437, 'f1-score': 0.6554279920410194, 'support': 2605}};{'0': {'precision': 0.0, 'recall': 0.0, 'f1-score': 0.0, 'support': 623}, '1': {'precision': 0.760476739715494, 'recall': 1.0, 'f1-score': 0.8639440925966368, 'support': 1978}, 'accuracy': 0.760476739715494, 'macro avg': {'precision': 0.380238369857747, 'recall': 0.5, 'f1-score': 0.4319720462983184, 'support': 2601}, 'weighted avg': {'precision': 0.5783248716483073, 'recall': 0.760476739715494, 'f1-score': 0.6570093868343513, 'support': 2601}};{'0': {'precision': 0.0, 'recall': 0.0, 'f1-score': 0.0, 'support': 627}, '1': {'precision': 0.759031514219831, 'recall': 1.0, 'f1-score': 0.8630107057024252, 'support': 1975}, 'accuracy': 0.759031514219831, 'macro avg': {'precision': 0.3795157571099155, 'recall': 0.5, 'f1-score': 0.4315053528512126, 'support': 2602}, 'weighted avg': {'precision': 0.5761288395788494, 'recall': 0.759031514219831, 'f1-score': 0.6550523227372366, 'support': 2602}}
[32]_0.0001_0.3_20_['tanh'];{'0': {'precision': 0.2937219730941704, 'recall': 0.4171974522292994, 'f1-score': 0.3447368421052632, 'support': 628}, '1': {'precision': 0.7849588719153937, 'recall': 0.6795523906408952, 'f1-score': 0.7284623773173392, 'support': 1966}, 'accuracy': 0.6160370084811102, 'macro avg': {'precision': 0.5393404225047821, 'recall': 0.5483749214350973, 'f1-score': 0.5365996097113012, 'support': 2594}, 'weighted avg': {'precision': 0.6660318200804947, 'recall': 0.6160370084811102, 'f1-score': 0.6355635199105606, 'support': 2594}};{'0': {'precision': 0.29012345679012347, 'recall': 0.1494435612082671, 'f1-score': 0.19727177334732424, 'support': 629}, '1': {'precision': 0.7659667541557306, 'recall': 0.883897021706209, 'f1-score': 0.8207171314741036, 'support': 1981}, 'accuracy': 0.7068965517241379, 'macro avg': {'precision': 0.528045105472927, 'recall': 0.5166702914572381, 'f1-score': 0.508994452410714, 'support': 2610}, 'weighted avg': {'precision': 0.6512903426450153, 'recall': 0.7068965517241379, 'f1-score': 0.6704691888450828, 'support': 2610}};{'0': {'precision': 0.34036144578313254, 'recall': 0.18022328548644337, 'f1-score': 0.23566214807090716, 'support': 627}, '1': {'precision': 0.7738671359436867, 'recall': 0.8892821031344793, 'f1-score': 0.8275699835332864, 'support': 1978}, 'accuracy': 0.7186180422264875, 'macro avg': {'precision': 0.5571142908634097, 'recall': 0.5347526943104614, 'f1-score': 0.5316160658020967, 'support': 2605}, 'weighted avg': {'precision': 0.6695262270259641, 'recall': 0.7186180422264875, 'f1-score': 0.6851031072051053, 'support': 2605}};{'0': {'precision': 0.32094594594594594, 'recall': 0.15248796147672553, 'f1-score': 0.20674646354733406, 'support': 623}, '1': {'precision': 0.7709327548806941, 'recall': 0.8983822042467139, 'f1-score': 0.8297922017277609, 'support': 1978}, 'accuracy': 0.7197231833910035, 'macro avg': {'precision': 0.5459393504133201, 'recall': 0.5254350828617197, 'f1-score': 0.5182693326375475, 'support': 2601}, 'weighted avg': {'precision': 0.6631504473196222, 'recall': 0.7197231833910035, 'f1-score': 0.6805582552124184, 'support': 2601}};{'0': {'precision': 0.3032069970845481, 'recall': 0.16586921850079744, 'f1-score': 0.21443298969072166, 'support': 627}, '1': {'precision': 0.768481629039398, 'recall': 0.8789873417721519, 'f1-score': 0.8200283419933869, 'support': 1975}, 'accuracy': 0.7071483474250576, 'macro avg': {'precision': 0.535844313061973, 'recall': 0.5224282801364747, 'f1-score': 0.5172306658420542, 'support': 2602}, 'weighted avg': {'precision': 0.6563651055053124, 'recall': 0.7071483474250576, 'f1-score': 0.6740989469535057, 'support': 2602}}
[32]_0.0001_0.3_20_['sigmoid'];{'0': {'precision': 0.0, 'recall': 0.0, 'f1-score': 0.0, 'support': 628}, '1': {'precision': 0.7579028527370856, 'recall': 1.0, 'f1-score': 0.862280701754386, 'support': 1966}, 'accuracy': 0.7579028527370856, 'macro avg': {'precision': 0.3789514263685428, 'recall': 0.5, 'f1-score': 0.431140350877193, 'support': 2594}, 'weighted avg': {'precision': 0.5744167341870124, 'recall': 0.7579028527370856, 'f1-score': 0.6535250037197853, 'support': 2594}};{'0': {'precision': 0.0, 'recall': 0.0, 'f1-score': 0.0, 'support': 629}, '1': {'precision': 0.7590038314176245, 'recall': 1.0, 'f1-score': 0.8629928120235243, 'support': 1981}, 'accuracy': 0.7590038314176245, 'macro avg': {'precision': 0.37950191570881225, 'recall': 0.5, 'f1-score': 0.43149640601176215, 'support': 2610}, 'weighted avg': {'precision': 0.5760868161066338, 'recall': 0.7590038314176245, 'f1-score': 0.6550148508117247, 'support': 2610}};{'0': {'precision': 0.0, 'recall': 0.0, 'f1-score': 0.0, 'support': 627}, '1': {'precision': 0.7593090211132437, 'recall': 1.0, 'f1-score': 0.863190050185468, 'support': 1978}, 'accuracy': 0.7593090211132437, 'macro avg': {'precision': 0.37965451055662186, 'recall': 0.5, 'f1-score': 0.431595025092734, 'support': 2605}, 'weighted avg': {'precision': 0.5765501895439524, 'recall': 0.7593090211132437, 'f1-score': 0.6554279920410194, 'support': 2605}};{'0': {'precision': 0.0, 'recall': 0.0, 'f1-score': 0.0, 'support': 623}, '1': {'precision': 0.760476739715494, 'recall': 1.0, 'f1-score': 0.8639440925966368, 'support': 1978}, 'accuracy': 0.760476739715494, 'macro avg': {'precision': 0.380238369857747, 'recall': 0.5, 'f1-score': 0.4319720462983184, 'support': 2601}, 'weighted avg': {'precision': 0.5783248716483073, 'recall': 0.760476739715494, 'f1-score': 0.6570093868343513, 'support': 2601}};{'0': {'precision': 0.0, 'recall': 0.0, 'f1-score': 0.0, 'support': 627}, '1': {'precision': 0.759031514219831, 'recall': 1.0, 'f1-score': 0.8630107057024252, 'support': 1975}, 'accuracy': 0.759031514219831, 'macro avg': {'precision': 0.3795157571099155, 'recall': 0.5, 'f1-score': 0.4315053528512126, 'support': 2602}, 'weighted avg': {'precision': 0.5761288395788494, 'recall': 0.759031514219831, 'f1-score': 0.6550523227372366, 'support': 2602}}
[32]_0.0001_0.3_50_['tanh'];{'0': {'precision': 0.29296424452133796, 'recall': 0.40445859872611467, 'f1-score': 0.33979933110367894, 'support': 628}, '1': {'precision': 0.7834394904458599, 'recall': 0.6881993896236012, 'f1-score': 0.7327376116978067, 'support': 1966}, 'accuracy': 0.6195065535851966, 'macro avg': {'precision': 0.5382018674835989, 'recall': 0.5463289941748579, 'f1-score': 0.5362684714007429, 'support': 2594}, 'weighted avg': {'precision': 0.6646968326044568, 'recall': 0.6195065535851966, 'f1-score': 0.6376083749155738, 'support': 2594}};{'0': {'precision': 0.3196078431372549, 'recall': 0.2591414944356121, 'f1-score': 0.286215978928885, 'support': 629}, '1': {'precision': 0.7780952380952381, 'recall': 0.8248359414437153, 'f1-score': 0.8007841215388385, 'support': 1981}, 'accuracy': 0.6885057471264368, 'macro avg': {'precision': 0.5488515406162464, 'recall': 0.5419887179396636, 'f1-score': 0.5435000502338617, 'support': 2610}, 'weighted avg': {'precision': 0.6676015325670498, 'recall': 0.6885057471264368, 'f1-score': 0.6767751706952904, 'support': 2610}};{'0': {'precision': 0.34256055363321797, 'recall': 0.15789473684210525, 'f1-score': 0.21615720524017465, 'support': 627}, '1': {'precision': 0.772020725388601, 'recall': 0.9039433771486349, 'f1-score': 0.8327899394503957, 'support': 1978}, 'accuracy': 0.7243761996161229, 'macro avg': {'precision': 0.5572906395109095, 'recall': 0.5309190569953701, 'f1-score': 0.5244735723452851, 'support': 2605}, 'weighted avg': {'precision': 0.6686535362559234, 'recall': 0.7243761996161229, 'f1-score': 0.6843720030397206, 'support': 2605}};{'0': {'precision': 0.3064516129032258, 'recall': 0.18298555377207062, 'f1-score': 0.22914572864321606, 'support': 623}, '1': {'precision': 0.7716464782413638, 'recall': 0.8695652173913043, 'f1-score': 0.8176848110292368, 'support': 1978}, 'accuracy': 0.7051134179161861, 'macro avg': {'precision': 0.5390490455722948, 'recall': 0.5262753855816875, 'f1-score': 0.5234152698362264, 'support': 2601}, 'weighted avg': {'precision': 0.6602214874279613, 'recall': 0.7051134179161861, 'f1-score': 0.6767160112112857, 'support': 2601}};{'0': {'precision': 0.3032069970845481, 'recall': 0.16586921850079744, 'f1-score': 0.21443298969072166, 'support': 627}, '1': {'precision': 0.768481629039398, 'recall': 0.8789873417721519, 'f1-score': 0.8200283419933869, 'support': 1975}, 'accuracy': 0.7071483474250576, 'macro avg': {'precision': 0.535844313061973, 'recall': 0.5224282801364747, 'f1-score': 0.5172306658420542, 'support': 2602}, 'weighted avg': {'precision': 0.6563651055053124, 'recall': 0.7071483474250576, 'f1-score': 0.6740989469535057, 'support': 2602}}
[32]_0.0001_0.3_50_['sigmoid'];{'0': {'precision': 0.0, 'recall': 0.0, 'f1-score': 0.0, 'support': 628}, '1': {'precision': 0.7579028527370856, 'recall': 1.0, 'f1-score': 0.862280701754386, 'support': 1966}, 'accuracy': 0.7579028527370856, 'macro avg': {'precision': 0.3789514263685428, 'recall': 0.5, 'f1-score': 0.431140350877193, 'support': 2594}, 'weighted avg': {'precision': 0.5744167341870124, 'recall': 0.7579028527370856, 'f1-score': 0.6535250037197853, 'support': 2594}};{'0': {'precision': 0.0, 'recall': 0.0, 'f1-score': 0.0, 'support': 629}, '1': {'precision': 0.7590038314176245, 'recall': 1.0, 'f1-score': 0.8629928120235243, 'support': 1981}, 'accuracy': 0.7590038314176245, 'macro avg': {'precision': 0.37950191570881225, 'recall': 0.5, 'f1-score': 0.43149640601176215, 'support': 2610}, 'weighted avg': {'precision': 0.5760868161066338, 'recall': 0.7590038314176245, 'f1-score': 0.6550148508117247, 'support': 2610}};{'0': {'precision': 0.0, 'recall': 0.0, 'f1-score': 0.0, 'support': 627}, '1': {'precision': 0.7593090211132437, 'recall': 1.0, 'f1-score': 0.863190050185468, 'support': 1978}, 'accuracy': 0.7593090211132437, 'macro avg': {'precision': 0.37965451055662186, 'recall': 0.5, 'f1-score': 0.431595025092734, 'support': 2605}, 'weighted avg': {'precision': 0.5765501895439524, 'recall': 0.7593090211132437, 'f1-score': 0.6554279920410194, 'support': 2605}};{'0': {'precision': 0.0, 'recall': 0.0, 'f1-score': 0.0, 'support': 623}, '1': {'precision': 0.760476739715494, 'recall': 1.0, 'f1-score': 0.8639440925966368, 'support': 1978}, 'accuracy': 0.760476739715494, 'macro avg': {'precision': 0.380238369857747, 'recall': 0.5, 'f1-score': 0.4319720462983184, 'support': 2601}, 'weighted avg': {'precision': 0.5783248716483073, 'recall': 0.760476739715494, 'f1-score': 0.6570093868343513, 'support': 2601}};{'0': {'precision': 0.0, 'recall': 0.0, 'f1-score': 0.0, 'support': 627}, '1': {'precision': 0.759031514219831, 'recall': 1.0, 'f1-score': 0.8630107057024252, 'support': 1975}, 'accuracy': 0.759031514219831, 'macro avg': {'precision': 0.3795157571099155, 'recall': 0.5, 'f1-score': 0.4315053528512126, 'support': 2602}, 'weighted avg': {'precision': 0.5761288395788494, 'recall': 0.759031514219831, 'f1-score': 0.6550523227372366, 'support': 2602}}
[32]_0.0001_0.4_20_['tanh'];{'0': {'precision': 0.302536231884058, 'recall': 0.2659235668789809, 'f1-score': 0.28305084745762715, 'support': 628}, '1': {'precision': 0.7742409402546523, 'recall': 0.8041709053916581, 'f1-score': 0.7889221556886228, 'support': 1966}, 'accuracy': 0.6738627602158828, 'macro avg': {'precision': 0.5383885860693551, 'recall': 0.5350472361353196, 'f1-score': 0.535986501573125, 'support': 2594}, 'weighted avg': {'precision': 0.6600425760076465, 'recall': 0.6738627602158828, 'f1-score': 0.6664521550837402, 'support': 2594}};{'0': {'precision': 0.29900332225913623, 'recall': 0.14308426073131955, 'f1-score': 0.19354838709677416, 'support': 629}, '1': {'precision': 0.7665656128194024, 'recall': 0.8934881373043917, 'f1-score': 0.8251748251748252, 'support': 1981}, 'accuracy': 0.7126436781609196, 'macro avg': {'precision': 0.5327844675392693, 'recall': 0.5182861990178557, 'f1-score': 0.5093616061357997, 'support': 2610}, 'weighted avg': {'precision': 0.6538848922207788, 'recall': 0.7126436781609196, 'f1-score': 0.6729552736226818, 'support': 2610}};{'0': {'precision': 0.3250883392226148, 'recall': 0.1467304625199362, 'f1-score': 0.2021978021978022, 'support': 627}, '1': {'precision': 0.7695951765719208, 'recall': 0.903437815975733, 'f1-score': 0.8311627906976744, 'support': 1978}, 'accuracy': 0.7213051823416506, 'macro avg': {'precision': 0.5473417578972678, 'recall': 0.5250841392478346, 'f1-score': 0.5166802964477383, 'support': 2605}, 'weighted avg': {'precision': 0.6626063907684602, 'recall': 0.7213051823416506, 'f1-score': 0.6797765919301428, 'support': 2605}};{'0': {'precision': 0.3048780487804878, 'recall': 0.16051364365971107, 'f1-score': 0.2103049421661409, 'support': 623}, '1': {'precision': 0.7699076110866696, 'recall': 0.884732052578362, 'f1-score': 0.8233356857210069, 'support': 1978}, 'accuracy': 0.7112648981161092, 'macro avg': {'precision': 0.5373928299335787, 'recall': 0.5226228481190365, 'f1-score': 0.5168203139435739, 'support': 2601}, 'weighted avg': {'precision': 0.6585222141944161, 'recall': 0.7112648981161092, 'f1-score': 0.6765005633701104, 'support': 2601}};{'0': {'precision': 0.30835734870317005, 'recall': 0.17065390749601275, 'f1-score': 0.2197125256673511, 'support': 627}, '1': {'precision': 0.7694013303769401, 'recall': 0.8784810126582279, 'f1-score': 0.8203309692671396, 'support': 1975}, 'accuracy': 0.7079169869331283, 'macro avg': {'precision': 0.5388793395400551, 'recall': 0.5245674600771203, 'f1-score': 0.5200217474672453, 'support': 2602}, 'weighted avg': {'precision': 0.6583042602349517, 'recall': 0.7079169869331283, 'f1-score': 0.6756008523812567, 'support': 2602}}
[32]_0.0001_0.4_20_['sigmoid'];{'0': {'precision': 0.0, 'recall': 0.0, 'f1-score': 0.0, 'support': 628}, '1': {'precision': 0.7579028527370856, 'recall': 1.0, 'f1-score': 0.862280701754386, 'support': 1966}, 'accuracy': 0.7579028527370856, 'macro avg': {'precision': 0.3789514263685428, 'recall': 0.5, 'f1-score': 0.431140350877193, 'support': 2594}, 'weighted avg': {'precision': 0.5744167341870124, 'recall': 0.7579028527370856, 'f1-score': 0.6535250037197853, 'support': 2594}};{'0': {'precision': 0.0, 'recall': 0.0, 'f1-score': 0.0, 'support': 629}, '1': {'precision': 0.7590038314176245, 'recall': 1.0, 'f1-score': 0.8629928120235243, 'support': 1981}, 'accuracy': 0.7590038314176245, 'macro avg': {'precision': 0.37950191570881225, 'recall': 0.5, 'f1-score': 0.43149640601176215, 'support': 2610}, 'weighted avg': {'precision': 0.5760868161066338, 'recall': 0.7590038314176245, 'f1-score': 0.6550148508117247, 'support': 2610}};{'0': {'precision': 0.0, 'recall': 0.0, 'f1-score': 0.0, 'support': 627}, '1': {'precision': 0.7593090211132437, 'recall': 1.0, 'f1-score': 0.863190050185468, 'support': 1978}, 'accuracy': 0.7593090211132437, 'macro avg': {'precision': 0.37965451055662186, 'recall': 0.5, 'f1-score': 0.431595025092734, 'support': 2605}, 'weighted avg': {'precision': 0.5765501895439524, 'recall': 0.7593090211132437, 'f1-score': 0.6554279920410194, 'support': 2605}};{'0': {'precision': 0.0, 'recall': 0.0, 'f1-score': 0.0, 'support': 623}, '1': {'precision': 0.760476739715494, 'recall': 1.0, 'f1-score': 0.8639440925966368, 'support': 1978}, 'accuracy': 0.760476739715494, 'macro avg': {'precision': 0.380238369857747, 'recall': 0.5, 'f1-score': 0.4319720462983184, 'support': 2601}, 'weighted avg': {'precision': 0.5783248716483073, 'recall': 0.760476739715494, 'f1-score': 0.6570093868343513, 'support': 2601}};{'0': {'precision': 0.0, 'recall': 0.0, 'f1-score': 0.0, 'support': 627}, '1': {'precision': 0.759031514219831, 'recall': 1.0, 'f1-score': 0.8630107057024252, 'support': 1975}, 'accuracy': 0.759031514219831, 'macro avg': {'precision': 0.3795157571099155, 'recall': 0.5, 'f1-score': 0.4315053528512126, 'support': 2602}, 'weighted avg': {'precision': 0.5761288395788494, 'recall': 0.759031514219831, 'f1-score': 0.6550523227372366, 'support': 2602}}
[32]_0.0001_0.4_50_['tanh'];{'0': {'precision': 0.30598669623059865, 'recall': 0.2197452229299363, 'f1-score': 0.25579240037071366, 'support': 628}, '1': {'precision': 0.7713485767615492, 'recall': 0.840793489318413, 'f1-score': 0.8045753224628863, 'support': 1966}, 'accuracy': 0.6904394757131843, 'macro avg': {'precision': 0.538667636496074, 'recall': 0.5302693561241747, 'f1-score': 0.5301838614168, 'support': 2594}, 'weighted avg': {'precision': 0.6586857930401009, 'recall': 0.6904394757131843, 'f1-score': 0.6717165425577651, 'support': 2594}};{'0': {'precision': 0.2978723404255319, 'recall': 0.15580286168521462, 'f1-score': 0.20459290187891438, 'support': 629}, '1': {'precision': 0.7672073651907059, 'recall': 0.8833922261484098, 'f1-score': 0.8212106992022525, 'support': 1981}, 'accuracy': 0.7080459770114943, 'macro avg': {'precision': 0.5325398528081189, 'recall': 0.5195975439168122, 'f1-score': 0.5129018005405834, 'support': 2610}, 'weighted avg': {'precision': 0.6540994224407846, 'recall': 0.7080459770114943, 'f1-score': 0.6726081725676243, 'support': 2610}};{'0': {'precision': 0.3394495412844037, 'recall': 0.17703349282296652, 'f1-score': 0.2327044025157233, 'support': 627}, '1': {'precision': 0.7734855136084284, 'recall': 0.890798786653185, 'f1-score': 0.8280075187969924, 'support': 1978}, 'accuracy': 0.7190019193857965, 'macro avg': {'precision': 0.556467527446416, 'recall': 0.5339161397380757, 'f1-score': 0.5303559606563578, 'support': 2605}, 'weighted avg': {'precision': 0.6690169705576939, 'recall': 0.7190019193857965, 'f1-score': 0.6847234290049173, 'support': 2605}};{'0': {'precision': 0.30275229357798167, 'recall': 0.15890850722311398, 'f1-score': 0.20842105263157898, 'support': 623}, '1': {'precision': 0.7695690413368513, 'recall': 0.884732052578362, 'f1-score': 0.8231420507996237, 'support': 1978}, 'accuracy': 0.7108804306036139, 'macro avg': {'precision': 0.5361606674574165, 'recall': 0.521820279900738, 'f1-score': 0.5157815517156014, 'support': 2601}, 'weighted avg': {'precision': 0.657755571958237, 'recall': 0.7108804306036139, 'f1-score': 0.6759020731530678, 'support': 2601}};{'0': {'precision': 0.30218068535825543, 'recall': 0.1547049441786284, 'f1-score': 0.20464135021097046, 'support': 627}, '1': {'precision': 0.7676457693993862, 'recall': 0.8865822784810127, 'f1-score': 0.8228383458646615, 'support': 1975}, 'accuracy': 0.7102229054573405, 'macro avg': {'precision': 0.5349132273788209, 'recall': 0.5206436113298205, 'f1-score': 0.513739848037816, 'support': 2602}, 'weighted avg': {'precision': 0.6554833529144558, 'recall': 0.7102229054573405, 'f1-score': 0.6738723519081418, 'support': 2602}}
[32]_0.0001_0.4_50_['sigmoid'];{'0': {'precision': 0.0, 'recall': 0.0, 'f1-score': 0.0, 'support': 628}, '1': {'precision': 0.7579028527370856, 'recall': 1.0, 'f1-score': 0.862280701754386, 'support': 1966}, 'accuracy': 0.7579028527370856, 'macro avg': {'precision': 0.3789514263685428, 'recall': 0.5, 'f1-score': 0.431140350877193, 'support': 2594}, 'weighted avg': {'precision': 0.5744167341870124, 'recall': 0.7579028527370856, 'f1-score': 0.6535250037197853, 'support': 2594}};{'0': {'precision': 0.0, 'recall': 0.0, 'f1-score': 0.0, 'support': 629}, '1': {'precision': 0.7590038314176245, 'recall': 1.0, 'f1-score': 0.8629928120235243, 'support': 1981}, 'accuracy': 0.7590038314176245, 'macro avg': {'precision': 0.37950191570881225, 'recall': 0.5, 'f1-score': 0.43149640601176215, 'support': 2610}, 'weighted avg': {'precision': 0.5760868161066338, 'recall': 0.7590038314176245, 'f1-score': 0.6550148508117247, 'support': 2610}};{'0': {'precision': 0.0, 'recall': 0.0, 'f1-score': 0.0, 'support': 627}, '1': {'precision': 0.7593090211132437, 'recall': 1.0, 'f1-score': 0.863190050185468, 'support': 1978}, 'accuracy': 0.7593090211132437, 'macro avg': {'precision': 0.37965451055662186, 'recall': 0.5, 'f1-score': 0.431595025092734, 'support': 2605}, 'weighted avg': {'precision': 0.5765501895439524, 'recall': 0.7593090211132437, 'f1-score': 0.6554279920410194, 'support': 2605}};{'0': {'precision': 0.0, 'recall': 0.0, 'f1-score': 0.0, 'support': 623}, '1': {'precision': 0.760476739715494, 'recall': 1.0, 'f1-score': 0.8639440925966368, 'support': 1978}, 'accuracy': 0.760476739715494, 'macro avg': {'precision': 0.380238369857747, 'recall': 0.5, 'f1-score': 0.4319720462983184, 'support': 2601}, 'weighted avg': {'precision': 0.5783248716483073, 'recall': 0.760476739715494, 'f1-score': 0.6570093868343513, 'support': 2601}};{'0': {'precision': 0.0, 'recall': 0.0, 'f1-score': 0.0, 'support': 627}, '1': {'precision': 0.759031514219831, 'recall': 1.0, 'f1-score': 0.8630107057024252, 'support': 1975}, 'accuracy': 0.759031514219831, 'macro avg': {'precision': 0.3795157571099155, 'recall': 0.5, 'f1-score': 0.4315053528512126, 'support': 2602}, 'weighted avg': {'precision': 0.5761288395788494, 'recall': 0.759031514219831, 'f1-score': 0.6550523227372366, 'support': 2602}}
[64, 32]_0.001_0.3_20_['tanh', 'tanh'];{'0': {'precision': 0.2954954954954955, 'recall': 0.2611464968152866, 'f1-score': 0.2772612003381234, 'support': 628}, '1': {'precision': 0.7724374693477195, 'recall': 0.801119023397762, 'f1-score': 0.7865168539325843, 'support': 1966}, 'accuracy': 0.6703932151117965, 'macro avg': {'precision': 0.5339664824216075, 'recall': 0.5311327601065243, 'f1-score': 0.5318890271353538, 'support': 2594}, 'weighted avg': {'precision': 0.6569711780681525, 'recall': 0.6703932151117965, 'f1-score': 0.6632275129698544, 'support': 2594}};{'0': {'precision': 0.3153846153846154, 'recall': 0.06518282988871224, 'f1-score': 0.10803689064558629, 'support': 629}, '1': {'precision': 0.7629032258064516, 'recall': 0.9550731953558809, 'f1-score': 0.8482403048643802, 'support': 1981}, 'accuracy': 0.7406130268199234, 'macro avg': {'precision': 0.5391439205955335, 'recall': 0.5101280126222966, 'f1-score': 0.47813859775498324, 'support': 2610}, 'weighted avg': {'precision': 0.6550529553254804, 'recall': 0.7406130268199234, 'f1-score': 0.6698541180660578, 'support': 2610}};{'0': {'precision': 0.3402777777777778, 'recall': 0.07814992025518341, 'f1-score': 0.1271076523994812, 'support': 627}, '1': {'precision': 0.7651361235270215, 'recall': 0.9519716885743175, 'f1-score': 0.8483892768641585, 'support': 1978}, 'accuracy': 0.7416506717850287, 'macro avg': {'precision': 0.5527069506523996, 'recall': 0.5150608044147504, 'f1-score': 0.48774846463181987, 'support': 2605}, 'weighted avg': {'precision': 0.6628765524004282, 'recall': 0.7416506717850287, 'f1-score': 0.6747832966187256, 'support': 2605}};{'0': {'precision': 0.30851063829787234, 'recall': 0.09309791332263243, 'f1-score': 0.14303329223181258, 'support': 623}, '1': {'precision': 0.7658516369664319, 'recall': 0.9342770475227502, 'f1-score': 0.8417217034843999, 'support': 1978}, 'accuracy': 0.73279507881584, 'macro avg': {'precision': 0.5371811376321521, 'recall': 0.5136874804226913, 'f1-score': 0.49237749785810625, 'support': 2601}, 'weighted avg': {'precision': 0.6563078299035666, 'recall': 0.73279507881584, 'f1-score': 0.6743695772981785, 'support': 2601}};{'0': {'precision': 0.33059548254620125, 'recall': 0.2567783094098884, 'f1-score': 0.28904847396768407, 'support': 627}, '1': {'precision': 0.7796690307328605, 'recall': 0.8349367088607595, 'f1-score': 0.8063569682151589, 'support': 1975}, 'accuracy': 0.6956187548039969, 'macro avg': {'precision': 0.5551322566395309, 'recall': 0.5458575091353239, 'f1-score': 0.5477027210914215, 'support': 2602}, 'weighted avg': {'precision': 0.6714564578223935, 'recall': 0.6956187548039969, 'f1-score': 0.6817019236751256, 'support': 2602}}
[64, 32]_0.001_0.3_20_['sigmoid', 'sigmoid'];{'0': {'precision': 0.0, 'recall': 0.0, 'f1-score': 0.0, 'support': 628}, '1': {'precision': 0.7579028527370856, 'recall': 1.0, 'f1-score': 0.862280701754386, 'support': 1966}, 'accuracy': 0.7579028527370856, 'macro avg': {'precision': 0.3789514263685428, 'recall': 0.5, 'f1-score': 0.431140350877193, 'support': 2594}, 'weighted avg': {'precision': 0.5744167341870124, 'recall': 0.7579028527370856, 'f1-score': 0.6535250037197853, 'support': 2594}};{'0': {'precision': 0.0, 'recall': 0.0, 'f1-score': 0.0, 'support': 629}, '1': {'precision': 0.7590038314176245, 'recall': 1.0, 'f1-score': 0.8629928120235243, 'support': 1981}, 'accuracy': 0.7590038314176245, 'macro avg': {'precision': 0.37950191570881225, 'recall': 0.5, 'f1-score': 0.43149640601176215, 'support': 2610}, 'weighted avg': {'precision': 0.5760868161066338, 'recall': 0.7590038314176245, 'f1-score': 0.6550148508117247, 'support': 2610}};{'0': {'precision': 0.0, 'recall': 0.0, 'f1-score': 0.0, 'support': 627}, '1': {'precision': 0.7593090211132437, 'recall': 1.0, 'f1-score': 0.863190050185468, 'support': 1978}, 'accuracy': 0.7593090211132437, 'macro avg': {'precision': 0.37965451055662186, 'recall': 0.5, 'f1-score': 0.431595025092734, 'support': 2605}, 'weighted avg': {'precision': 0.5765501895439524, 'recall': 0.7593090211132437, 'f1-score': 0.6554279920410194, 'support': 2605}};{'0': {'precision': 0.0, 'recall': 0.0, 'f1-score': 0.0, 'support': 623}, '1': {'precision': 0.760476739715494, 'recall': 1.0, 'f1-score': 0.8639440925966368, 'support': 1978}, 'accuracy': 0.760476739715494, 'macro avg': {'precision': 0.380238369857747, 'recall': 0.5, 'f1-score': 0.4319720462983184, 'support': 2601}, 'weighted avg': {'precision': 0.5783248716483073, 'recall': 0.760476739715494, 'f1-score': 0.6570093868343513, 'support': 2601}};{'0': {'precision': 0.0, 'recall': 0.0, 'f1-score': 0.0, 'support': 627}, '1': {'precision': 0.759031514219831, 'recall': 1.0, 'f1-score': 0.8630107057024252, 'support': 1975}, 'accuracy': 0.759031514219831, 'macro avg': {'precision': 0.3795157571099155, 'recall': 0.5, 'f1-score': 0.4315053528512126, 'support': 2602}, 'weighted avg': {'precision': 0.5761288395788494, 'recall': 0.759031514219831, 'f1-score': 0.6550523227372366, 'support': 2602}}
[64, 32]_0.001_0.3_50_['tanh', 'tanh'];{'0': {'precision': 0.27967479674796747, 'recall': 0.27388535031847133, 'f1-score': 0.2767497988736926, 'support': 628}, '1': {'precision': 0.7695805962607377, 'recall': 0.7746693794506613, 'f1-score': 0.7721166032953105, 'support': 1966}, 'accuracy': 0.6534309946029299, 'macro avg': {'precision': 0.5246276965043526, 'recall': 0.5242773648845663, 'f1-score': 0.5244332010845015, 'support': 2594}, 'weighted avg': {'precision': 0.6509757997711387, 'recall': 0.6534309946029299, 'f1-score': 0.6521897130960906, 'support': 2594}};{'0': {'precision': 0.3106060606060606, 'recall': 0.13036565977742448, 'f1-score': 0.18365061590145576, 'support': 629}, '1': {'precision': 0.7668371696504689, 'recall': 0.9081272084805654, 'f1-score': 0.831522995146753, 'support': 1981}, 'accuracy': 0.7206896551724138, 'macro avg': {'precision': 0.5387216151282648, 'recall': 0.519246434128995, 'f1-score': 0.5075868055241044, 'support': 2610}, 'weighted avg': {'precision': 0.6568872203826785, 'recall': 0.7206896551724138, 'f1-score': 0.6753882340182886, 'support': 2610}};{'0': {'precision': 0.32887700534759357, 'recall': 0.19617224880382775, 'f1-score': 0.24575424575424576, 'support': 627}, '1': {'precision': 0.7740923352756611, 'recall': 0.8731041456016178, 'f1-score': 0.8206224756474221, 'support': 1978}, 'accuracy': 0.710172744721689, 'macro avg': {'precision': 0.5514846703116274, 'recall': 0.5346381972027228, 'f1-score': 0.5331883607008339, 'support': 2605}, 'weighted avg': {'precision': 0.6669330216998844, 'recall': 0.710172744721689, 'f1-score': 0.6822568786635367, 'support': 2605}};{'0': {'precision': 0.3188976377952756, 'recall': 0.13001605136436598, 'f1-score': 0.1847206385404789, 'support': 623}, '1': {'precision': 0.7690668939071155, 'recall': 0.9125379170879676, 'f1-score': 0.8346820809248555, 'support': 1978}, 'accuracy': 0.7251057285659361, 'macro avg': {'precision': 0.5439822658511955, 'recall': 0.5212769842261668, 'f1-score': 0.5097013597326672, 'support': 2601}, 'weighted avg': {'precision': 0.6612408860033567, 'recall': 0.7251057285659361, 'f1-score': 0.6790011971857295, 'support': 2601}};{'0': {'precision': 0.32926829268292684, 'recall': 0.1291866028708134, 'f1-score': 0.18556701030927839, 'support': 627}, '1': {'precision': 0.7682512733446519, 'recall': 0.9164556962025316, 'f1-score': 0.8358346802124219, 'support': 1975}, 'accuracy': 0.7267486548808608, 'macro avg': {'precision': 0.5487597830137894, 'recall': 0.5228211495366726, 'f1-score': 0.5107008452608501, 'support': 2602}, 'weighted avg': {'precision': 0.6624702092113307, 'recall': 0.7267486548808608, 'f1-score': 0.6791406644440626, 'support': 2602}}
[64, 32]_0.001_0.3_50_['sigmoid', 'sigmoid'];{'0': {'precision': 0.0, 'recall': 0.0, 'f1-score': 0.0, 'support': 628}, '1': {'precision': 0.7579028527370856, 'recall': 1.0, 'f1-score': 0.862280701754386, 'support': 1966}, 'accuracy': 0.7579028527370856, 'macro avg': {'precision': 0.3789514263685428, 'recall': 0.5, 'f1-score': 0.431140350877193, 'support': 2594}, 'weighted avg': {'precision': 0.5744167341870124, 'recall': 0.7579028527370856, 'f1-score': 0.6535250037197853, 'support': 2594}};{'0': {'precision': 0.0, 'recall': 0.0, 'f1-score': 0.0, 'support': 629}, '1': {'precision': 0.7590038314176245, 'recall': 1.0, 'f1-score': 0.8629928120235243, 'support': 1981}, 'accuracy': 0.7590038314176245, 'macro avg': {'precision': 0.37950191570881225, 'recall': 0.5, 'f1-score': 0.43149640601176215, 'support': 2610}, 'weighted avg': {'precision': 0.5760868161066338, 'recall': 0.7590038314176245, 'f1-score': 0.6550148508117247, 'support': 2610}};{'0': {'precision': 0.0, 'recall': 0.0, 'f1-score': 0.0, 'support': 627}, '1': {'precision': 0.7593090211132437, 'recall': 1.0, 'f1-score': 0.863190050185468, 'support': 1978}, 'accuracy': 0.7593090211132437, 'macro avg': {'precision': 0.37965451055662186, 'recall': 0.5, 'f1-score': 0.431595025092734, 'support': 2605}, 'weighted avg': {'precision': 0.5765501895439524, 'recall': 0.7593090211132437, 'f1-score': 0.6554279920410194, 'support': 2605}};{'0': {'precision': 0.0, 'recall': 0.0, 'f1-score': 0.0, 'support': 623}, '1': {'precision': 0.760476739715494, 'recall': 1.0, 'f1-score': 0.8639440925966368, 'support': 1978}, 'accuracy': 0.760476739715494, 'macro avg': {'precision': 0.380238369857747, 'recall': 0.5, 'f1-score': 0.4319720462983184, 'support': 2601}, 'weighted avg': {'precision': 0.5783248716483073, 'recall': 0.760476739715494, 'f1-score': 0.6570093868343513, 'support': 2601}};{'0': {'precision': 0.0, 'recall': 0.0, 'f1-score': 0.0, 'support': 627}, '1': {'precision': 0.759031514219831, 'recall': 1.0, 'f1-score': 0.8630107057024252, 'support': 1975}, 'accuracy': 0.759031514219831, 'macro avg': {'precision': 0.3795157571099155, 'recall': 0.5, 'f1-score': 0.4315053528512126, 'support': 2602}, 'weighted avg': {'precision': 0.5761288395788494, 'recall': 0.759031514219831, 'f1-score': 0.6550523227372366, 'support': 2602}}
[64, 32]_0.001_0.4_20_['tanh', 'tanh'];{'0': {'precision': 0.2875, 'recall': 0.03662420382165605, 'f1-score': 0.06497175141242938, 'support': 628}, '1': {'precision': 0.7593476531424026, 'recall': 0.9710071210579858, 'f1-score': 0.852232142857143, 'support': 1966}, 'accuracy': 0.7447956823438705, 'macro avg': {'precision': 0.5234238265712012, 'recall': 0.5038156624398209, 'f1-score': 0.4586019471347862, 'support': 2594}, 'weighted avg': {'precision': 0.6451146823739258, 'recall': 0.7447956823438705, 'f1-score': 0.6616386479352925, 'support': 2594}};{'0': {'precision': 0.3174061433447099, 'recall': 0.1478537360890302, 'f1-score': 0.2017353579175705, 'support': 629}, '1': {'precision': 0.7686663789382823, 'recall': 0.8990408884401817, 'f1-score': 0.8287575616565845, 'support': 1981}, 'accuracy': 0.7180076628352491, 'macro avg': {'precision': 0.5430362611414961, 'recall': 0.523447312264606, 'f1-score': 0.5152464597870775, 'support': 2610}, 'weighted avg': {'precision': 0.6599143911266512, 'recall': 0.7180076628352491, 'f1-score': 0.6776476129394046, 'support': 2610}};{'0': {'precision': 0.3389261744966443, 'recall': 0.16108452950558214, 'f1-score': 0.21837837837837837, 'support': 627}, '1': {'precision': 0.7719982661465106, 'recall': 0.9004044489383215, 'f1-score': 0.831271878646441, 'support': 1978}, 'accuracy': 0.7224568138195777, 'macro avg': {'precision': 0.5554622203215774, 'recall': 0.5307444892219518, 'f1-score': 0.5248251285124097, 'support': 2605}, 'weighted avg': {'precision': 0.6677617204787692, 'recall': 0.7224568138195777, 'f1-score': 0.6837539421135906, 'support': 2605}};{'0': {'precision': 0.2826086956521739, 'recall': 0.29213483146067415, 'f1-score': 0.287292817679558, 'support': 623}, '1': {'precision': 0.7746550843127236, 'recall': 0.7664307381193124, 'f1-score': 0.7705209656925032, 'support': 1978}, 'accuracy': 0.6528258362168397, 'macro avg': {'precision': 0.5286318899824487, 'recall': 0.5292827847899932, 'f1-score': 0.5289068916860306, 'support': 2601}, 'weighted avg': {'precision': 0.6567985290895315, 'recall': 0.6528258362168397, 'f1-score': 0.6547765842191987, 'support': 2601}};{'0': {'precision': 0.29172320217096337, 'recall': 0.34290271132376393, 'f1-score': 0.3152492668621701, 'support': 627}, '1': {'precision': 0.779088471849866, 'recall': 0.7356962025316456, 'f1-score': 0.7567708333333334, 'support': 1975}, 'accuracy': 0.6410453497309762, 'macro avg': {'precision': 0.5354058370104147, 'recall': 0.5392994569277048, 'f1-score': 0.5360100500977517, 'support': 2602}, 'weighted avg': {'precision': 0.6616488007934971, 'recall': 0.6410453497309762, 'f1-score': 0.650378050021489, 'support': 2602}}
[64, 32]_0.001_0.4_20_['sigmoid', 'sigmoid'];{'0': {'precision': 0.0, 'recall': 0.0, 'f1-score': 0.0, 'support': 628}, '1': {'precision': 0.7579028527370856, 'recall': 1.0, 'f1-score': 0.862280701754386, 'support': 1966}, 'accuracy': 0.7579028527370856, 'macro avg': {'precision': 0.3789514263685428, 'recall': 0.5, 'f1-score': 0.431140350877193, 'support': 2594}, 'weighted avg': {'precision': 0.5744167341870124, 'recall': 0.7579028527370856, 'f1-score': 0.6535250037197853, 'support': 2594}};{'0': {'precision': 0.0, 'recall': 0.0, 'f1-score': 0.0, 'support': 629}, '1': {'precision': 0.7590038314176245, 'recall': 1.0, 'f1-score': 0.8629928120235243, 'support': 1981}, 'accuracy': 0.7590038314176245, 'macro avg': {'precision': 0.37950191570881225, 'recall': 0.5, 'f1-score': 0.43149640601176215, 'support': 2610}, 'weighted avg': {'precision': 0.5760868161066338, 'recall': 0.7590038314176245, 'f1-score': 0.6550148508117247, 'support': 2610}};{'0': {'precision': 0.0, 'recall': 0.0, 'f1-score': 0.0, 'support': 627}, '1': {'precision': 0.7593090211132437, 'recall': 1.0, 'f1-score': 0.863190050185468, 'support': 1978}, 'accuracy': 0.7593090211132437, 'macro avg': {'precision': 0.37965451055662186, 'recall': 0.5, 'f1-score': 0.431595025092734, 'support': 2605}, 'weighted avg': {'precision': 0.5765501895439524, 'recall': 0.7593090211132437, 'f1-score': 0.6554279920410194, 'support': 2605}};{'0': {'precision': 0.0, 'recall': 0.0, 'f1-score': 0.0, 'support': 623}, '1': {'precision': 0.760476739715494, 'recall': 1.0, 'f1-score': 0.8639440925966368, 'support': 1978}, 'accuracy': 0.760476739715494, 'macro avg': {'precision': 0.380238369857747, 'recall': 0.5, 'f1-score': 0.4319720462983184, 'support': 2601}, 'weighted avg': {'precision': 0.5783248716483073, 'recall': 0.760476739715494, 'f1-score': 0.6570093868343513, 'support': 2601}};{'0': {'precision': 0.0, 'recall': 0.0, 'f1-score': 0.0, 'support': 627}, '1': {'precision': 0.759031514219831, 'recall': 1.0, 'f1-score': 0.8630107057024252, 'support': 1975}, 'accuracy': 0.759031514219831, 'macro avg': {'precision': 0.3795157571099155, 'recall': 0.5, 'f1-score': 0.4315053528512126, 'support': 2602}, 'weighted avg': {'precision': 0.5761288395788494, 'recall': 0.759031514219831, 'f1-score': 0.6550523227372366, 'support': 2602}}
[64, 32]_0.001_0.4_50_['tanh', 'tanh'];{'0': {'precision': 0.2916666666666667, 'recall': 0.03343949044585987, 'f1-score': 0.060000000000000005, 'support': 628}, '1': {'precision': 0.7593180015860428, 'recall': 0.974059003051882, 'f1-score': 0.8533868092691623, 'support': 1966}, 'accuracy': 0.7463377023901311, 'macro avg': {'precision': 0.5254923341263548, 'recall': 0.5037492467488709, 'f1-score': 0.4566934046345812, 'support': 2594}, 'weighted avg': {'precision': 0.6461009474883681, 'recall': 0.7463377023901311, 'f1-score': 0.6613101260690721, 'support': 2594}};{'0': {'precision': 0.32051282051282054, 'recall': 0.0397456279809221, 'f1-score': 0.07072135785007072, 'support': 629}, '1': {'precision': 0.7614533965244866, 'recall': 0.9732458354366481, 'f1-score': 0.8544205628185243, 'support': 1981}, 'accuracy': 0.7482758620689656, 'macro avg': {'precision': 0.5409831085186536, 'recall': 0.5064957317087851, 'f1-score': 0.4625709603342975, 'support': 2610}, 'weighted avg': {'precision': 0.6551884071331694, 'recall': 0.7482758620689656, 'f1-score': 0.6655520571000733, 'support': 2610}};{'0': {'precision': 0.3235294117647059, 'recall': 0.17543859649122806, 'f1-score': 0.22750775594622544, 'support': 627}, '1': {'precision': 0.7717439293598234, 'recall': 0.8837209302325582, 'f1-score': 0.8239453217063398, 'support': 1978}, 'accuracy': 0.7132437619961612, 'macro avg': {'precision': 0.5476366705622646, 'recall': 0.529579763361893, 'f1-score': 0.5257265388262826, 'support': 2605}, 'weighted avg': {'precision': 0.6638627383685994, 'recall': 0.7132437619961612, 'f1-score': 0.6803881801587038, 'support': 2605}};{'0': {'precision': 0.28117359413202936, 'recall': 0.18459069020866772, 'f1-score': 0.22286821705426357, 'support': 623}, '1': {'precision': 0.7682481751824818, 'recall': 0.8513650151668352, 'f1-score': 0.8076738609112709, 'support': 1978}, 'accuracy': 0.6916570549788543, 'macro avg': {'precision': 0.5247108846572556, 'recall': 0.5179778526877514, 'f1-score': 0.5152710389827673, 'support': 2601}, 'weighted avg': {'precision': 0.6515824835275675, 'recall': 0.6916570549788543, 'f1-score': 0.6675993064618608, 'support': 2601}};{'0': {'precision': 0.3143712574850299, 'recall': 0.1674641148325359, 'f1-score': 0.21852237252861603, 'support': 627}, '1': {'precision': 0.7698412698412699, 'recall': 0.8840506329113924, 'f1-score': 0.8230025925053029, 'support': 1975}, 'accuracy': 0.7113758647194466, 'macro avg': {'precision': 0.54210626366315, 'recall': 0.5257573738719642, 'f1-score': 0.5207624825169594, 'support': 2602}, 'weighted avg': {'precision': 0.6600873506455118, 'recall': 0.7113758647194466, 'f1-score': 0.6773419092134573, 'support': 2602}}
[64, 32]_0.001_0.4_50_['sigmoid', 'sigmoid'];{'0': {'precision': 0.0, 'recall': 0.0, 'f1-score': 0.0, 'support': 628}, '1': {'precision': 0.7579028527370856, 'recall': 1.0, 'f1-score': 0.862280701754386, 'support': 1966}, 'accuracy': 0.7579028527370856, 'macro avg': {'precision': 0.3789514263685428, 'recall': 0.5, 'f1-score': 0.431140350877193, 'support': 2594}, 'weighted avg': {'precision': 0.5744167341870124, 'recall': 0.7579028527370856, 'f1-score': 0.6535250037197853, 'support': 2594}};{'0': {'precision': 0.0, 'recall': 0.0, 'f1-score': 0.0, 'support': 629}, '1': {'precision': 0.7590038314176245, 'recall': 1.0, 'f1-score': 0.8629928120235243, 'support': 1981}, 'accuracy': 0.7590038314176245, 'macro avg': {'precision': 0.37950191570881225, 'recall': 0.5, 'f1-score': 0.43149640601176215, 'support': 2610}, 'weighted avg': {'precision': 0.5760868161066338, 'recall': 0.7590038314176245, 'f1-score': 0.6550148508117247, 'support': 2610}};{'0': {'precision': 0.0, 'recall': 0.0, 'f1-score': 0.0, 'support': 627}, '1': {'precision': 0.7593090211132437, 'recall': 1.0, 'f1-score': 0.863190050185468, 'support': 1978}, 'accuracy': 0.7593090211132437, 'macro avg': {'precision': 0.37965451055662186, 'recall': 0.5, 'f1-score': 0.431595025092734, 'support': 2605}, 'weighted avg': {'precision': 0.5765501895439524, 'recall': 0.7593090211132437, 'f1-score': 0.6554279920410194, 'support': 2605}};{'0': {'precision': 0.0, 'recall': 0.0, 'f1-score': 0.0, 'support': 623}, '1': {'precision': 0.760476739715494, 'recall': 1.0, 'f1-score': 0.8639440925966368, 'support': 1978}, 'accuracy': 0.760476739715494, 'macro avg': {'precision': 0.380238369857747, 'recall': 0.5, 'f1-score': 0.4319720462983184, 'support': 2601}, 'weighted avg': {'precision': 0.5783248716483073, 'recall': 0.760476739715494, 'f1-score': 0.6570093868343513, 'support': 2601}};{'0': {'precision': 0.0, 'recall': 0.0, 'f1-score': 0.0, 'support': 627}, '1': {'precision': 0.759031514219831, 'recall': 1.0, 'f1-score': 0.8630107057024252, 'support': 1975}, 'accuracy': 0.759031514219831, 'macro avg': {'precision': 0.3795157571099155, 'recall': 0.5, 'f1-score': 0.4315053528512126, 'support': 2602}, 'weighted avg': {'precision': 0.5761288395788494, 'recall': 0.759031514219831, 'f1-score': 0.6550523227372366, 'support': 2602}}
[64, 32]_0.0001_0.3_20_['tanh', 'tanh'];{'0': {'precision': 0.32142857142857145, 'recall': 0.14331210191082802, 'f1-score': 0.19823788546255505, 'support': 628}, '1': {'precision': 0.7675021607605877, 'recall': 0.9033570701932858, 'f1-score': 0.8299065420560748, 'support': 1966}, 'accuracy': 0.7193523515805705, 'macro avg': {'precision': 0.5444653660945796, 'recall': 0.523334586052057, 'f1-score': 0.514072213759315, 'support': 2594}, 'weighted avg': {'precision': 0.6595090173139777, 'recall': 0.7193523515805705, 'f1-score': 0.6769813622793861, 'support': 2594}};{'0': {'precision': 0.29910714285714285, 'recall': 0.10651828298887123, 'f1-score': 0.1570926143024619, 'support': 629}, '1': {'precision': 0.7644593461860855, 'recall': 0.9207470974255426, 'f1-score': 0.8353560796885734, 'support': 1981}, 'accuracy': 0.7245210727969349, 'macro avg': {'precision': 0.5317832445216142, 'recall': 0.5136326902072069, 'f1-score': 0.49622434699551765, 'support': 2610}, 'weighted avg': {'precision': 0.6523112481424438, 'recall': 0.7245210727969349, 'f1-score': 0.6718971832411159, 'support': 2610}};{'0': {'precision': 0.32164634146341464, 'recall': 0.3365231259968102, 'f1-score': 0.32891660171473114, 'support': 627}, '1': {'precision': 0.7865572088250384, 'recall': 0.7750252780586451, 'f1-score': 0.7807486631016042, 'support': 1978}, 'accuracy': 0.6694817658349328, 'macro avg': {'precision': 0.5541017751442265, 'recall': 0.5557742020277276, 'f1-score': 0.5548326324081676, 'support': 2605}, 'weighted avg': {'precision': 0.6746573570646783, 'recall': 0.6694817658349328, 'f1-score': 0.6719967619539767, 'support': 2605}};{'0': {'precision': 0.3050847457627119, 'recall': 0.14446227929373998, 'f1-score': 0.19607843137254904, 'support': 623}, '1': {'precision': 0.7688638334778838, 'recall': 0.8963599595551062, 'f1-score': 0.8277310924369747, 'support': 1978}, 'accuracy': 0.7162629757785467, 'macro avg': {'precision': 0.5369742896202978, 'recall': 0.5204111194244231, 'f1-score': 0.5119047619047619, 'support': 2601}, 'weighted avg': {'precision': 0.6577779543365719, 'recall': 0.7162629757785467, 'f1-score': 0.6764355876914395, 'support': 2601}};{'0': {'precision': 0.30944625407166126, 'recall': 0.15151515151515152, 'f1-score': 0.20342612419700215, 'support': 627}, '1': {'precision': 0.7681917211328976, 'recall': 0.8926582278481012, 'f1-score': 0.8257611241217797, 'support': 1975}, 'accuracy': 0.7140661029976941, 'macro avg': {'precision': 0.5388189876022794, 'recall': 0.5220866896816264, 'f1-score': 0.5145936241593909, 'support': 2602}, 'weighted avg': {'precision': 0.657648520576635, 'recall': 0.7140661029976941, 'f1-score': 0.6757980015419044, 'support': 2602}}
[64, 32]_0.0001_0.3_20_['sigmoid', 'sigmoid'];{'0': {'precision': 0.0, 'recall': 0.0, 'f1-score': 0.0, 'support': 628}, '1': {'precision': 0.7579028527370856, 'recall': 1.0, 'f1-score': 0.862280701754386, 'support': 1966}, 'accuracy': 0.7579028527370856, 'macro avg': {'precision': 0.3789514263685428, 'recall': 0.5, 'f1-score': 0.431140350877193, 'support': 2594}, 'weighted avg': {'precision': 0.5744167341870124, 'recall': 0.7579028527370856, 'f1-score': 0.6535250037197853, 'support': 2594}};{'0': {'precision': 0.0, 'recall': 0.0, 'f1-score': 0.0, 'support': 629}, '1': {'precision': 0.7590038314176245, 'recall': 1.0, 'f1-score': 0.8629928120235243, 'support': 1981}, 'accuracy': 0.7590038314176245, 'macro avg': {'precision': 0.37950191570881225, 'recall': 0.5, 'f1-score': 0.43149640601176215, 'support': 2610}, 'weighted avg': {'precision': 0.5760868161066338, 'recall': 0.7590038314176245, 'f1-score': 0.6550148508117247, 'support': 2610}};{'0': {'precision': 0.0, 'recall': 0.0, 'f1-score': 0.0, 'support': 627}, '1': {'precision': 0.7593090211132437, 'recall': 1.0, 'f1-score': 0.863190050185468, 'support': 1978}, 'accuracy': 0.7593090211132437, 'macro avg': {'precision': 0.37965451055662186, 'recall': 0.5, 'f1-score': 0.431595025092734, 'support': 2605}, 'weighted avg': {'precision': 0.5765501895439524, 'recall': 0.7593090211132437, 'f1-score': 0.6554279920410194, 'support': 2605}};{'0': {'precision': 0.0, 'recall': 0.0, 'f1-score': 0.0, 'support': 623}, '1': {'precision': 0.760476739715494, 'recall': 1.0, 'f1-score': 0.8639440925966368, 'support': 1978}, 'accuracy': 0.760476739715494, 'macro avg': {'precision': 0.380238369857747, 'recall': 0.5, 'f1-score': 0.4319720462983184, 'support': 2601}, 'weighted avg': {'precision': 0.5783248716483073, 'recall': 0.760476739715494, 'f1-score': 0.6570093868343513, 'support': 2601}};{'0': {'precision': 0.0, 'recall': 0.0, 'f1-score': 0.0, 'support': 627}, '1': {'precision': 0.759031514219831, 'recall': 1.0, 'f1-score': 0.8630107057024252, 'support': 1975}, 'accuracy': 0.759031514219831, 'macro avg': {'precision': 0.3795157571099155, 'recall': 0.5, 'f1-score': 0.4315053528512126, 'support': 2602}, 'weighted avg': {'precision': 0.5761288395788494, 'recall': 0.759031514219831, 'f1-score': 0.6550523227372366, 'support': 2602}}
[64, 32]_0.0001_0.3_50_['tanh', 'tanh'];{'0': {'precision': 0.29171528588098017, 'recall': 0.3980891719745223, 'f1-score': 0.3367003367003367, 'support': 628}, '1': {'precision': 0.7823834196891192, 'recall': 0.6912512716174974, 'f1-score': 0.7339994598973805, 'support': 1966}, 'accuracy': 0.6202775636083269, 'macro avg': {'precision': 0.5370493527850497, 'recall': 0.5446702217960099, 'f1-score': 0.5353498982988586, 'support': 2594}, 'weighted avg': {'precision': 0.6635940642413508, 'recall': 0.6202775636083269, 'f1-score': 0.6378144755613191, 'support': 2594}};{'0': {'precision': 0.31756756756756754, 'recall': 0.1494435612082671, 'f1-score': 0.20324324324324328, 'support': 629}, '1': {'precision': 0.7687986171132238, 'recall': 0.8980312973245835, 'f1-score': 0.8284051222351572, 'support': 1981}, 'accuracy': 0.717624521072797, 'macro avg': {'precision': 0.5431830923403957, 'recall': 0.5237374292664253, 'f1-score': 0.5158241827392003, 'support': 2610}, 'weighted avg': {'precision': 0.6600536630273167, 'recall': 0.717624521072797, 'f1-score': 0.6777435046543472, 'support': 2610}};{'0': {'precision': 0.32620320855614976, 'recall': 0.291866028708134, 'f1-score': 0.3080808080808081, 'support': 627}, '1': {'precision': 0.7827788649706457, 'recall': 0.8088978766430738, 'f1-score': 0.7956240676280457, 'support': 1978}, 'accuracy': 0.6844529750479846, 'macro avg': {'precision': 0.5544910367633977, 'recall': 0.5503819526756039, 'f1-score': 0.551852437854427, 'support': 2605}, 'weighted avg': {'precision': 0.6728852232923774, 'recall': 0.6844529750479846, 'f1-score': 0.6782768032379812, 'support': 2605}};{'0': {'precision': 0.315668202764977, 'recall': 0.21990369181380418, 'f1-score': 0.2592242194891201, 'support': 623}, '1': {'precision': 0.7757268112598061, 'recall': 0.8498483316481295, 'f1-score': 0.8110977080820264, 'support': 1978}, 'accuracy': 0.698961937716263, 'macro avg': {'precision': 0.5456975070123915, 'recall': 0.5348760117309668, 'f1-score': 0.5351609637855732, 'support': 2601}, 'weighted avg': {'precision': 0.6655320734311715, 'recall': 0.698961937716263, 'f1-score': 0.6789111708296695, 'support': 2601}};{'0': {'precision': 0.31290322580645163, 'recall': 0.1547049441786284, 'f1-score': 0.20704375667022415, 'support': 627}, '1': {'precision': 0.768760907504363, 'recall': 0.8921518987341772, 'f1-score': 0.8258729786735413, 'support': 1975}, 'accuracy': 0.7144504227517294, 'macro avg': {'precision': 0.5408320666554073, 'recall': 0.5234284214564028, 'f1-score': 0.5164583676718827, 'support': 2602}, 'weighted avg': {'precision': 0.658913572214359, 'recall': 0.7144504227517294, 'f1-score': 0.6767546380908819, 'support': 2602}}
[64, 32]_0.0001_0.3_50_['sigmoid', 'sigmoid'];{'0': {'precision': 0.0, 'recall': 0.0, 'f1-score': 0.0, 'support': 628}, '1': {'precision': 0.7579028527370856, 'recall': 1.0, 'f1-score': 0.862280701754386, 'support': 1966}, 'accuracy': 0.7579028527370856, 'macro avg': {'precision': 0.3789514263685428, 'recall': 0.5, 'f1-score': 0.431140350877193, 'support': 2594}, 'weighted avg': {'precision': 0.5744167341870124, 'recall': 0.7579028527370856, 'f1-score': 0.6535250037197853, 'support': 2594}};{'0': {'precision': 0.0, 'recall': 0.0, 'f1-score': 0.0, 'support': 629}, '1': {'precision': 0.7590038314176245, 'recall': 1.0, 'f1-score': 0.8629928120235243, 'support': 1981}, 'accuracy': 0.7590038314176245, 'macro avg': {'precision': 0.37950191570881225, 'recall': 0.5, 'f1-score': 0.43149640601176215, 'support': 2610}, 'weighted avg': {'precision': 0.5760868161066338, 'recall': 0.7590038314176245, 'f1-score': 0.6550148508117247, 'support': 2610}};{'0': {'precision': 0.0, 'recall': 0.0, 'f1-score': 0.0, 'support': 627}, '1': {'precision': 0.7593090211132437, 'recall': 1.0, 'f1-score': 0.863190050185468, 'support': 1978}, 'accuracy': 0.7593090211132437, 'macro avg': {'precision': 0.37965451055662186, 'recall': 0.5, 'f1-score': 0.431595025092734, 'support': 2605}, 'weighted avg': {'precision': 0.5765501895439524, 'recall': 0.7593090211132437, 'f1-score': 0.6554279920410194, 'support': 2605}};{'0': {'precision': 0.0, 'recall': 0.0, 'f1-score': 0.0, 'support': 623}, '1': {'precision': 0.760476739715494, 'recall': 1.0, 'f1-score': 0.8639440925966368, 'support': 1978}, 'accuracy': 0.760476739715494, 'macro avg': {'precision': 0.380238369857747, 'recall': 0.5, 'f1-score': 0.4319720462983184, 'support': 2601}, 'weighted avg': {'precision': 0.5783248716483073, 'recall': 0.760476739715494, 'f1-score': 0.6570093868343513, 'support': 2601}};{'0': {'precision': 0.0, 'recall': 0.0, 'f1-score': 0.0, 'support': 627}, '1': {'precision': 0.759031514219831, 'recall': 1.0, 'f1-score': 0.8630107057024252, 'support': 1975}, 'accuracy': 0.759031514219831, 'macro avg': {'precision': 0.3795157571099155, 'recall': 0.5, 'f1-score': 0.4315053528512126, 'support': 2602}, 'weighted avg': {'precision': 0.5761288395788494, 'recall': 0.759031514219831, 'f1-score': 0.6550523227372366, 'support': 2602}}
[64, 32]_0.0001_0.4_20_['tanh', 'tanh'];{'0': {'precision': 0.3008720930232558, 'recall': 0.32961783439490444, 'f1-score': 0.31458966565349544, 'support': 628}, '1': {'precision': 0.779118572927597, 'recall': 0.7553407934893184, 'f1-score': 0.7670454545454545, 'support': 1966}, 'accuracy': 0.6522744795682344, 'macro avg': {'precision': 0.5399953329754263, 'recall': 0.5424793139421114, 'f1-score': 0.5408175600994749, 'support': 2594}, 'weighted avg': {'precision': 0.6633364644542252, 'recall': 0.6522744795682344, 'f1-score': 0.6575071987921197, 'support': 2594}};{'0': {'precision': 0.30864197530864196, 'recall': 0.1192368839427663, 'f1-score': 0.1720183486238532, 'support': 629}, '1': {'precision': 0.7659484579636671, 'recall': 0.9151943462897526, 'f1-score': 0.8339466421343146, 'support': 1981}, 'accuracy': 0.7233716475095785, 'macro avg': {'precision': 0.5372952166361545, 'recall': 0.5172156151162595, 'f1-score': 0.5029824953790839, 'support': 2610}, 'weighted avg': {'precision': 0.6557393477759235, 'recall': 0.7233716475095785, 'f1-score': 0.6744244595220233, 'support': 2610}};{'0': {'precision': 0.3023255813953488, 'recall': 0.12440191387559808, 'f1-score': 0.17627118644067796, 'support': 627}, '1': {'precision': 0.766084363016617, 'recall': 0.9089989888776542, 'f1-score': 0.8314450867052023, 'support': 1978}, 'accuracy': 0.7201535508637236, 'macro avg': {'precision': 0.534204972205983, 'recall': 0.5167004513766261, 'f1-score': 0.5038581365729402, 'support': 2605}, 'weighted avg': {'precision': 0.6544618079008646, 'recall': 0.7201535508637236, 'f1-score': 0.67375063930948, 'support': 2605}};{'0': {'precision': 0.2974137931034483, 'recall': 0.11075441412520064, 'f1-score': 0.16140350877192983, 'support': 623}, '1': {'precision': 0.7661460531869987, 'recall': 0.9175935288169869, 'f1-score': 0.8350586611456177, 'support': 1978}, 'accuracy': 0.7243367935409458, 'macro avg': {'precision': 0.5317799231452235, 'recall': 0.5141739714710938, 'f1-score': 0.4982310849587738, 'support': 2601}, 'weighted avg': {'precision': 0.6538737740512617, 'recall': 0.7243367935409458, 'f1-score': 0.6737025827416164, 'support': 2601}};{'0': {'precision': 0.3065134099616858, 'recall': 0.12759170653907495, 'f1-score': 0.18018018018018014, 'support': 627}, '1': {'precision': 0.7663391712943187, 'recall': 0.9083544303797468, 'f1-score': 0.8313253012048192, 'support': 1975}, 'accuracy': 0.7202152190622598, 'macro avg': {'precision': 0.5364262906280023, 'recall': 0.5179730684594109, 'f1-score': 0.5057527406924996, 'support': 2602}, 'weighted avg': {'precision': 0.6555356538632807, 'recall': 0.7202152190622598, 'f1-score': 0.6744198473683669, 'support': 2602}}
[64, 32]_0.0001_0.4_20_['sigmoid', 'sigmoid'];{'0': {'precision': 0.0, 'recall': 0.0, 'f1-score': 0.0, 'support': 628}, '1': {'precision': 0.7579028527370856, 'recall': 1.0, 'f1-score': 0.862280701754386, 'support': 1966}, 'accuracy': 0.7579028527370856, 'macro avg': {'precision': 0.3789514263685428, 'recall': 0.5, 'f1-score': 0.431140350877193, 'support': 2594}, 'weighted avg': {'precision': 0.5744167341870124, 'recall': 0.7579028527370856, 'f1-score': 0.6535250037197853, 'support': 2594}};{'0': {'precision': 0.0, 'recall': 0.0, 'f1-score': 0.0, 'support': 629}, '1': {'precision': 0.7590038314176245, 'recall': 1.0, 'f1-score': 0.8629928120235243, 'support': 1981}, 'accuracy': 0.7590038314176245, 'macro avg': {'precision': 0.37950191570881225, 'recall': 0.5, 'f1-score': 0.43149640601176215, 'support': 2610}, 'weighted avg': {'precision': 0.5760868161066338, 'recall': 0.7590038314176245, 'f1-score': 0.6550148508117247, 'support': 2610}};{'0': {'precision': 0.0, 'recall': 0.0, 'f1-score': 0.0, 'support': 627}, '1': {'precision': 0.7593090211132437, 'recall': 1.0, 'f1-score': 0.863190050185468, 'support': 1978}, 'accuracy': 0.7593090211132437, 'macro avg': {'precision': 0.37965451055662186, 'recall': 0.5, 'f1-score': 0.431595025092734, 'support': 2605}, 'weighted avg': {'precision': 0.5765501895439524, 'recall': 0.7593090211132437, 'f1-score': 0.6554279920410194, 'support': 2605}};{'0': {'precision': 0.0, 'recall': 0.0, 'f1-score': 0.0, 'support': 623}, '1': {'precision': 0.760476739715494, 'recall': 1.0, 'f1-score': 0.8639440925966368, 'support': 1978}, 'accuracy': 0.760476739715494, 'macro avg': {'precision': 0.380238369857747, 'recall': 0.5, 'f1-score': 0.4319720462983184, 'support': 2601}, 'weighted avg': {'precision': 0.5783248716483073, 'recall': 0.760476739715494, 'f1-score': 0.6570093868343513, 'support': 2601}};{'0': {'precision': 0.0, 'recall': 0.0, 'f1-score': 0.0, 'support': 627}, '1': {'precision': 0.759031514219831, 'recall': 1.0, 'f1-score': 0.8630107057024252, 'support': 1975}, 'accuracy': 0.759031514219831, 'macro avg': {'precision': 0.3795157571099155, 'recall': 0.5, 'f1-score': 0.4315053528512126, 'support': 2602}, 'weighted avg': {'precision': 0.5761288395788494, 'recall': 0.759031514219831, 'f1-score': 0.6550523227372366, 'support': 2602}}
[64, 32]_0.0001_0.4_50_['tanh', 'tanh'];{'0': {'precision': 0.3073286052009456, 'recall': 0.2070063694267516, 'f1-score': 0.247383444338725, 'support': 628}, '1': {'precision': 0.7706126209120221, 'recall': 0.8509664292980671, 'f1-score': 0.8087986463620982, 'support': 1966}, 'accuracy': 0.6950655358519661, 'macro avg': {'precision': 0.5389706130564839, 'recall': 0.5289863993624093, 'f1-score': 0.5280910453504116, 'support': 2594}, 'weighted avg': {'precision': 0.6584528823358633, 'recall': 0.6950655358519661, 'f1-score': 0.6728816275222068, 'support': 2594}};{'0': {'precision': 0.3116883116883117, 'recall': 0.15262321144674085, 'f1-score': 0.20490928495197436, 'support': 629}, '1': {'precision': 0.768462206776716, 'recall': 0.8929833417465927, 'f1-score': 0.8260565024515527, 'support': 1981}, 'accuracy': 0.7145593869731801, 'macro avg': {'precision': 0.5400752592325138, 'recall': 0.5228032765966668, 'f1-score': 0.5154828937017635, 'support': 2610}, 'weighted avg': {'precision': 0.6583814481519626, 'recall': 0.7145593869731801, 'f1-score': 0.6763624029085509, 'support': 2610}};{'0': {'precision': 0.33630952380952384, 'recall': 0.18022328548644337, 'f1-score': 0.23468328141225336, 'support': 627}, '1': {'precision': 0.7734684883208461, 'recall': 0.8872598584428716, 'f1-score': 0.8264657405227219, 'support': 1978}, 'accuracy': 0.7170825335892514, 'macro avg': {'precision': 0.554889006065185, 'recall': 0.5337415719646574, 'f1-score': 0.5305745109674876, 'support': 2605}, 'weighted avg': {'precision': 0.6682482692234952, 'recall': 0.7170825335892514, 'f1-score': 0.6840290411514115, 'support': 2605}};{'0': {'precision': 0.3292307692307692, 'recall': 0.17174959871589085, 'f1-score': 0.22573839662447262, 'support': 623}, '1': {'precision': 0.773286467486819, 'recall': 0.8897876643073812, 'f1-score': 0.8274565115185708, 'support': 1978}, 'accuracy': 0.7178008458285274, 'macro avg': {'precision': 0.5512586183587941, 'recall': 0.530768631511636, 'f1-score': 0.5265974540715217, 'support': 2601}, 'weighted avg': {'precision': 0.6669247988926171, 'recall': 0.7178008458285274, 'f1-score': 0.6833310268668894, 'support': 2601}};{'0': {'precision': 0.29831144465290804, 'recall': 0.2535885167464115, 'f1-score': 0.27413793103448275, 'support': 627}, '1': {'precision': 0.7738037699371677, 'recall': 0.810632911392405, 'f1-score': 0.7917903066271018, 'support': 1975}, 'accuracy': 0.676402767102229, 'macro avg': {'precision': 0.5360576072950378, 'recall': 0.5321107140694082, 'f1-score': 0.5329641188307923, 'support': 2602}, 'weighted avg': {'precision': 0.659225104313328, 'recall': 0.676402767102229, 'f1-score': 0.667052397520041, 'support': 2602}}
[64, 32]_0.0001_0.4_50_['sigmoid', 'sigmoid'];{'0': {'precision': 0.0, 'recall': 0.0, 'f1-score': 0.0, 'support': 628}, '1': {'precision': 0.7579028527370856, 'recall': 1.0, 'f1-score': 0.862280701754386, 'support': 1966}, 'accuracy': 0.7579028527370856, 'macro avg': {'precision': 0.3789514263685428, 'recall': 0.5, 'f1-score': 0.431140350877193, 'support': 2594}, 'weighted avg': {'precision': 0.5744167341870124, 'recall': 0.7579028527370856, 'f1-score': 0.6535250037197853, 'support': 2594}};{'0': {'precision': 0.0, 'recall': 0.0, 'f1-score': 0.0, 'support': 629}, '1': {'precision': 0.7590038314176245, 'recall': 1.0, 'f1-score': 0.8629928120235243, 'support': 1981}, 'accuracy': 0.7590038314176245, 'macro avg': {'precision': 0.37950191570881225, 'recall': 0.5, 'f1-score': 0.43149640601176215, 'support': 2610}, 'weighted avg': {'precision': 0.5760868161066338, 'recall': 0.7590038314176245, 'f1-score': 0.6550148508117247, 'support': 2610}};{'0': {'precision': 0.0, 'recall': 0.0, 'f1-score': 0.0, 'support': 627}, '1': {'precision': 0.7593090211132437, 'recall': 1.0, 'f1-score': 0.863190050185468, 'support': 1978}, 'accuracy': 0.7593090211132437, 'macro avg': {'precision': 0.37965451055662186, 'recall': 0.5, 'f1-score': 0.431595025092734, 'support': 2605}, 'weighted avg': {'precision': 0.5765501895439524, 'recall': 0.7593090211132437, 'f1-score': 0.6554279920410194, 'support': 2605}};{'0': {'precision': 0.0, 'recall': 0.0, 'f1-score': 0.0, 'support': 623}, '1': {'precision': 0.760476739715494, 'recall': 1.0, 'f1-score': 0.8639440925966368, 'support': 1978}, 'accuracy': 0.760476739715494, 'macro avg': {'precision': 0.380238369857747, 'recall': 0.5, 'f1-score': 0.4319720462983184, 'support': 2601}, 'weighted avg': {'precision': 0.5783248716483073, 'recall': 0.760476739715494, 'f1-score': 0.6570093868343513, 'support': 2601}};{'0': {'precision': 0.0, 'recall': 0.0, 'f1-score': 0.0, 'support': 627}, '1': {'precision': 0.759031514219831, 'recall': 1.0, 'f1-score': 0.8630107057024252, 'support': 1975}, 'accuracy': 0.759031514219831, 'macro avg': {'precision': 0.3795157571099155, 'recall': 0.5, 'f1-score': 0.4315053528512126, 'support': 2602}, 'weighted avg': {'precision': 0.5761288395788494, 'recall': 0.759031514219831, 'f1-score': 0.6550523227372366, 'support': 2602}}
